ID,ãÊï™1,ãÊï™2,ëÿî[äz,ëÿî[ì˙êî,ëÿî[âÒêî,îÑè„,éÊà¯åé,ëÿî[äÑçá,äiït
1,0,1,-0.244744971,-0.00510049,0.026272137,-0.304183692,-0.135584891,-0.247259274,1
2,0,0,-0.249417007,1.073735356,-0.627904058,-0.322410583,-1.103631854,1.586521745,1
3,1,0,-0.257521868,-0.76984483,-0.954992175,-0.1860836,1.55849731,-0.601242185,1
4,1,0,-0.129608512,-0.701564133,-0.627904058,-0.288340986,-0.377596617,1.389620423,1
5,1,0,-0.257521868,-0.76984483,-0.954992175,-0.126214877,-0.861620069,-0.601242185,1
6,0,0,-0.257521868,-0.76984483,-0.954992175,-0.316568315,-1.103631854,-0.601242185,1
7,1,0,-0.228713796,-0.56500262,-0.627904058,-0.314767569,-0.861620069,1.065202117,1
8,1,0,8.822710991,-0.182630435,-0.627904058,-0.324495196,-1.34564352,-0.601242185,1
9,0,0,-0.257521868,-0.879094064,-0.954992175,-0.285964638,-1.103631854,-0.601242185,1
10,1,0,-0.257521868,-0.879094064,-0.954992175,-0.292504311,-1.103631854,-0.601242185,1
11,0,0,-0.257521868,-0.76984483,-0.954992175,-0.32198301,-1.103631854,-0.601242185,1
12,1,0,-0.222151414,-0.537690341,-0.30081597,-0.143811613,-0.135584891,-0.491086602,1
13,1,0,0.017354013,-0.619627237,-0.627904058,-0.267938733,-1.103631854,2.133639812,1
14,0,0,-0.257521868,-0.76984483,-0.954992175,-0.256231517,-1.103631854,-0.601242185,1
15,1,0,0.134900659,-0.742532551,-0.627904058,-0.229195863,-0.619608343,1.715877056,1
16,1,0,-0.257521868,-0.879094064,-0.954992175,-0.115139432,-0.135584891,-0.601242185,1
17,0,0,-0.257521868,-0.76984483,-0.954992175,-0.309463888,-0.619608343,-0.601242185,1
18,0,1,-0.149073809,0.158773303,0.680448353,-0.209342986,0.590450346,-0.071293406,1
19,0,0,-0.177376479,-0.537690341,0.026272137,-0.27502507,-0.619608343,0.310385078,1
20,0,1,-0.001507431,1.3878268,0.026272137,-0.215098813,-0.377596617,0.715638816,1
21,0,0,-0.194598317,-0.264567316,-0.627904058,-0.309503585,-0.619608343,1.760589361,1
22,1,0,-0.202717617,-0.57865876,-0.30081597,-0.193889216,-0.135584891,-0.36512062,1
23,1,0,-0.257521868,-0.76984483,-0.954992175,-0.165537104,1.074473739,-0.601242185,1
24,0,1,-0.257521868,-0.76984483,-0.954992175,-0.318258882,-1.103631854,-0.601242185,1
25,0,1,-0.142325014,0.117804855,1.334624529,-0.214089185,0.590450346,-0.014112218,1
26,1,0,1.957291842,-0.701564133,-0.30081597,4.049137115,1.316485524,-0.316285223,1
27,0,1,-0.257521868,-0.76984483,-0.954992175,-0.323878556,-1.103631854,-0.601242185,1
28,0,0,-0.257521868,-0.76984483,-0.954992175,-0.322748482,-0.861620069,-0.601242185,1
29,0,0,-0.123947978,-0.291879624,1.334624529,-0.134267375,1.55849731,-0.206118435,1
30,0,0,-0.067429282,-0.742532551,0.353360236,0.005799409,1.55849731,-0.277388364,1
31,1,0,-0.206452355,-0.742532551,-0.627904058,-0.303006321,-0.619608343,0.736068666,1
32,1,0,-0.257521868,-0.76984483,-0.954992175,-0.141627863,0.832462072,-0.601242185,1
33,0,1,0.029265814,0.964486122,0.026272137,-0.155795947,-0.619608343,0.355360776,1
34,0,0,-0.257521868,-0.76984483,-0.954992175,-0.288031995,-0.377596617,-0.601242185,1
35,0,0,-0.257521868,-0.76984483,-0.954992175,-0.30066213,0.348438591,-0.601242185,1
36,0,0,-0.22745882,-0.100693531,1.007536411,-0.256346583,1.074473739,-0.353014141,1
37,0,0,0.340874791,0.582113922,1.334624529,-0.191206038,0.348438591,1.925019264,1
38,0,0,-0.257521868,-0.76984483,-0.954992175,-0.319886506,-1.103631854,-0.601242185,1
39,0,0,-0.250347733,0.377271682,0.680448353,-0.320445329,-0.377596617,0.395492435,1
40,0,0,-0.171785519,-0.332848072,0.680448353,0.276720673,1.074473739,-0.520996749,1
41,0,0,-0.099567778,-0.128005832,0.680448353,0.260162473,0.10642685,-0.449218154,1
42,0,0,-0.245144039,-0.319191933,-0.627904058,-0.324495196,-1.34564352,-0.601242185,1
43,0,0,-0.240624279,1.292233706,1.007536411,-0.305879384,-0.135584891,-0.0904838,1
44,0,0,-0.192861557,-0.360160381,-0.30081597,-0.12554422,1.55849731,-0.418359876,1
45,0,0,-0.04420954,-0.305535764,1.661712646,-0.016114606,1.316485524,-0.212005273,1
46,0,0,-0.236139968,0.076836407,0.353360236,-0.309251308,-0.377596617,0.188056558,1
47,0,0,-0.198670432,-0.510378003,-0.30081597,-0.173008874,1.074473739,-0.382633209,1
48,0,0,0.015864054,-0.605971038,1.661712646,0.327509165,1.55849731,-0.365298152,1
49,0,0,-0.251008064,-0.56500262,-0.627904058,-0.320693552,-0.861620069,0.362913162,1
50,0,0,-0.147347569,1.00545454,1.988800764,-0.209006444,0.832462072,-0.064426661,1
51,0,0,-0.099506073,-0.401128829,0.353360236,-0.08205004,1.316485524,-0.23449038,1
52,0,0,-0.188637167,0.213397905,1.988800764,-0.272910714,0.832462072,0.150191844,1
53,0,0,0.142511934,0.336303234,1.661712646,0.265375674,1.316485524,-0.219628751,1
54,0,0,-0.1583772,0.213397905,2.642976999,-0.164616063,1.55849731,-0.252295017,1
55,0,0,-0.108340815,0.486520886,1.334624529,-0.215036154,1.316485524,0.165673181,1
56,0,0,-0.236733317,0.172429457,1.007536411,-0.240128428,0.590450346,-0.462588161,1
57,0,0,-0.202248961,0.445552438,0.353360236,-0.293956637,-0.619608343,0.417227089,1
58,0,0,-0.257521868,-0.76984483,-0.954992175,-0.324180275,-0.861620069,-0.601242185,1
59,0,0,-0.257521868,-1.015655518,-0.954992175,0.314484686,1.316485524,-0.601242185,1
60,0,1,-0.212103695,2.166227341,-0.627904058,-0.319344938,-1.103631854,4.36107254,1
61,0,1,-0.243436173,1.251265287,-0.30081597,-0.29254213,-1.103631854,-0.353197634,1
62,0,1,-0.195392519,0.090492554,2.315888882,-0.176024541,0.832462072,-0.365770966,1
63,0,1,-0.244239569,1.333202124,-0.30081597,-0.269652247,-1.103631854,-0.464967459,1
64,0,1,-0.138298854,0.909861505,0.353360236,-0.280858397,-0.861620069,0.936166286,1
65,0,0,1.118195176,-0.319191933,1.661712646,2.486694098,1.55849731,-0.325867712,1
66,0,0,-0.047077879,-0.291879624,1.661712646,0.132617787,1.074473739,-0.342184573,1
67,0,1,-0.161045998,2.671504736,0.026272137,-0.302752167,-0.861620069,1.895563722,1
68,0,1,-0.207622007,3.272375345,-0.30081597,-0.324495196,-1.34564352,-0.601242185,1
69,0,0,-0.211367249,-0.728876412,-0.627904058,-0.269871026,-0.377596617,-0.125781551,1
70,0,0,0.094852917,0.104148708,1.007536411,0.002705685,1.55849731,0.004760109,1
71,0,0,-0.174942657,-0.428441107,0.353360236,-0.163624257,1.316485524,-0.31238994,1
72,0,1,0.924102724,0.336303234,2.315888882,0.684368372,1.316485524,0.05782776,1
73,0,0,-0.256673843,-0.742532551,-0.627904058,-0.232281491,1.316485524,-0.596067309,1
74,0,0,-0.257521868,-0.76984483,-0.954992175,-0.300528973,0.832462072,-0.601242185,1
75,0,1,-0.228212327,2.097946405,0.026272137,-0.321993798,-0.619608343,5.992183685,1
76,0,0,-0.257521868,-0.76984483,-0.954992175,-0.322891623,-0.861620069,-0.601242185,1
77,0,0,-0.231666148,0.80061233,-0.627904058,-0.319175333,-1.103631854,2.133639812,1
78,0,0,-0.257521868,-0.76984483,-0.954992175,-0.306851476,-0.135584891,-0.601242185,1
79,0,0,-0.24639377,-0.332848072,-0.30081597,-0.319489181,-0.861620069,0.649552286,1
80,0,0,-0.060414001,-0.701564133,-0.627904058,-0.265221775,-0.861620069,1.269992828,1
81,0,1,-0.220511794,0.213397905,-0.627904058,-0.283647448,-0.377596617,-0.091399439,1
82,0,0,-0.195279628,-0.291879624,0.026272137,-0.28692621,-0.377596617,0.331017315,1
83,0,0,-0.001861871,-0.046068937,1.334624529,0.014453139,1.074473739,-0.176805153,1
84,0,0,0.189408243,0.336303234,1.988800764,0.515837908,1.55849731,-0.301965922,1
85,0,1,-0.136040941,1.21029675,0.353360236,-0.218598768,-0.377596617,0.044279974,1
86,0,1,0.187380061,0.745987713,1.334624529,-0.230579317,-0.135584891,2.064447403,1
87,0,1,-0.143947572,2.166227341,-0.30081597,-0.309764773,-1.103631854,3.73732543,1
88,0,0,-0.257521868,-0.76984483,-0.954992175,-0.32142362,-1.103631854,-0.601242185,1
89,0,0,0.027049908,-0.687907934,1.007536411,0.213859245,1.55849731,-0.303796679,1
90,0,0,-0.257521868,-0.76984483,-0.954992175,-0.222926304,-1.103631854,-0.601242185,1
91,0,0,-0.248093769,-0.605971038,-0.627904058,0.048370123,-0.135584891,-0.587013721,1
92,0,0,0.001857121,-0.728876412,0.353360236,0.389211327,1.074473739,-0.396739781,1
93,0,0,-0.257521868,-0.76984483,-0.954992175,-0.324495196,-1.34564352,-0.601242185,1
94,0,0,-0.257521868,-0.76984483,-0.954992175,-0.296739757,-0.619608343,-0.601242185,1
95,0,0,-0.257521868,-0.879094064,-0.954992175,0.350167841,1.55849731,-0.601242185,1
96,0,0,0.632205844,-0.059725087,0.353360236,0.217785954,-0.135584891,0.322002053,1
97,0,0,-0.104942128,0.377271682,1.007536411,-0.124295011,0.832462072,-0.172380939,1
98,0,0,-0.224110022,-0.469409555,-0.627904058,-0.313575596,-0.861620069,1.120540261,1
99,0,0,0.698647559,0.104148708,1.988800764,0.000488705,1.55849731,1.054365993,1
100,0,0,-0.176563904,0.459208578,1.007536411,-0.169124842,0.590450346,-0.308033258,1
101,0,0,0.596637189,-0.687907934,-0.627904058,-0.079986744,-0.377596617,1.364511967,1
102,0,0,-0.236978799,1.456107497,1.661712646,-0.291221321,1.074473739,-0.253840208,1
103,1,0,-0.257521868,-0.76984483,-0.954992175,-0.103561066,-0.861620069,-0.601242185,1
104,0,0,-0.158041134,-0.332848072,0.353360236,0.094706297,1.316485524,-0.467705071,1
105,0,0,-0.243069917,-0.209942728,0.026272137,-0.301692843,-0.619608343,-0.244612455,1
106,0,0,-0.257521868,-0.76984483,-0.954992175,-0.320506096,-1.103631854,-0.601242185,1
107,0,0,-0.253620416,-0.046068937,-0.627904058,-0.294411749,-0.377596617,-0.528265476,1
108,0,0,1.067098141,-0.510378003,-0.627904058,-0.051950917,-1.103631854,2.133639812,1
109,0,0,-0.257521868,-0.76984483,-0.954992175,0.728876233,-0.619608343,-0.601242185,1
110,0,0,-0.257521868,-0.76984483,-0.954992175,-0.312090337,-0.861620069,-0.601242185,1
111,0,0,1.324497461,-0.742532551,0.353360236,6.35457468,1.55849731,-0.467957467,1
112,0,0,-0.257521868,-0.76984483,-0.954992175,-0.315722913,-0.619608343,-0.601242185,1
113,0,0,0.851459622,-0.646939516,2.642976999,0.756594718,1.55849731,-0.02401468,1
114,0,0,-0.256445408,-0.551346481,-0.627904058,-0.20343563,1.074473739,-0.596238613,1
115,0,0,-0.224853024,-0.332848072,1.661712646,-0.236840501,1.55849731,-0.391518623,1
116,0,0,1.195342302,0.131461009,2.315888882,0.943634272,1.55849731,0.043440364,1
117,0,0,-0.092414655,-0.756188691,0.026272137,-0.224377006,0.10642685,0.326737761,1
118,0,0,-0.242056489,-0.442097276,-0.627904058,-0.317875862,-0.619608343,0.713469803,1
119,0,0,-0.10418468,-0.483065724,1.334624529,-0.252113581,-0.135584891,0.590829492,1
120,0,1,-0.257521868,-0.76984483,-0.954992175,-0.3060112,-1.103631854,-0.601242185,1
121,0,0,-0.160745382,-0.728876412,-0.30081597,-0.171371266,0.348438591,-0.245604113,1
122,0,0,-0.257521868,-0.76984483,-0.954992175,-0.32371515,-1.103631854,-0.601242185,1
123,0,0,-0.257521868,-0.76984483,-0.954992175,-0.05287547,-0.135584891,-0.601242185,1
124,0,0,-0.237989619,-0.701564133,-0.30081597,0.367130399,1.316485524,-0.585351169,1
125,0,0,-0.026702844,2.98559618,0.353360236,-0.222098991,-0.377596617,0.667205989,1
126,0,0,0.097286731,-0.401128829,2.315888882,0.489328176,1.55849731,-0.355913103,1
127,0,0,-0.145643622,0.090492554,1.007536411,-0.255313456,-0.377596617,0.308753192,1
128,0,0,-0.257521868,-0.76984483,-0.954992175,-0.178581581,1.316485524,-0.601242185,1
129,0,0,-0.257521868,-0.76984483,-0.954992175,-0.307425976,-0.619608343,-0.601242185,1
130,0,0,-0.257521868,-0.76984483,-0.954992175,-0.317186564,-1.103631854,-0.601242185,1
131,0,0,-0.015860926,-0.742532551,0.026272137,-0.035321407,1.55849731,-0.130988762,1
132,0,0,-0.257521868,-0.76984483,-0.954992175,0.18339549,-0.619608343,-0.601242185,1
133,0,0,-0.22912468,-0.701564133,-0.627904058,-0.298242837,0.348438591,0.007441114,1
134,0,0,-0.200848266,0.06318026,0.680448353,-0.192510903,0.348438591,-0.35961771,1
135,0,0,0.113950655,-0.278223485,1.661712646,-0.181926757,1.55849731,0.864937127,1
136,0,1,-0.257521868,-0.76984483,-0.954992175,-0.323485851,-0.377596617,-0.601242185,1
137,0,0,-0.257521868,-0.76984483,-0.954992175,-0.155520454,-1.103631854,-0.601242185,1
138,0,0,-0.224906847,-0.674251795,-0.627904058,-0.290316761,0.832462072,-0.064272419,1
139,0,0,-0.132461101,-0.319191933,0.353360236,-0.211659357,-0.135584891,0.022434557,1
140,0,1,0.197389707,0.213397905,0.353360236,-0.031134859,0.10642685,0.271346003,1
141,0,0,-0.257521868,-0.76984483,-0.954992175,0.027713154,1.55849731,-0.601242185,1
142,1,0,-0.191296771,-0.37381652,-0.30081597,-0.166126728,0.348438591,-0.365933359,1
143,1,0,-0.257521868,-0.76984483,-0.954992175,-0.033005301,0.10642685,-0.601242185,1
144,1,0,-0.224125773,0.06318026,0.353360236,-0.288675636,0.348438591,-0.076604001,1
145,1,0,-0.120957553,1.142016053,1.334624529,-0.279420942,0.10642685,1.103639007,1
146,1,0,-0.180534929,-0.728876412,0.026272137,-0.247189924,-0.135584891,-0.040846512,1
147,1,0,-0.252249897,-0.141661987,-0.627904058,-0.31752637,-0.619608343,-0.17554985,1
148,0,0,-0.257521868,-0.76984483,-0.954992175,-0.322037309,-1.103631854,-0.601242185,1
149,1,0,-0.257521868,-0.76984483,-0.954992175,-0.299155772,-1.103631854,-0.601242185,1
150,0,0,-0.211796522,-0.619627237,0.026272137,-0.295781702,-0.377596617,0.294855058,1
151,0,0,1.172475696,-0.742532551,-0.627904058,0.195005998,-0.861620069,0.947692454,1
152,0,0,16.72191429,-0.046068937,0.353360236,3.493209124,1.316485524,1.901437998,1
153,0,0,-0.163553327,-0.03241279,1.007536411,-0.177760467,1.074473739,-0.24088344,1
154,1,0,-0.257521868,-0.76984483,-0.954992175,-0.299991757,-1.103631854,-0.601242185,1
155,1,0,-0.254174381,1.961385012,-0.627904058,-0.31085515,-0.861620069,-0.463144153,1
156,1,0,-0.257521868,-0.76984483,-0.954992175,-0.309475482,-1.103631854,-0.601242185,1
157,1,0,-0.194057465,1.21029675,0.353360236,-0.282263458,-0.377596617,0.244369686,1
158,1,0,-0.257521868,-1.042967796,-0.954992175,0.612928331,1.55849731,-0.601242185,1
159,0,0,-0.253276467,-0.455753416,-0.627904058,-0.280302018,1.316485524,-0.547185719,1
160,0,0,-0.257521868,-0.76984483,-0.954992175,-0.094955951,-1.103631854,-0.601242185,1
161,0,0,-0.228585154,1.947728872,-0.627904058,-0.275776207,0.10642685,-0.267019898,1
162,1,0,-0.257521868,-0.76984483,-0.954992175,-0.260684103,-1.103631854,-0.601242185,1
163,0,0,-0.252807826,-0.496721864,-0.627904058,-0.101142861,-0.619608343,-0.589365661,1
164,0,0,0.035867583,-0.496721864,-0.627904058,-0.225303993,-0.377596617,1.063150167,1
165,0,0,0.205565438,0.104148708,1.988800764,0.575588882,1.316485524,-0.311731935,1
166,0,0,2.679227829,-0.715220273,-0.627904058,0.355029106,-0.377596617,1.830661178,1
167,0,0,-0.257521868,-0.76984483,-0.954992175,-0.310125887,-0.135584891,-0.601242185,1
168,0,0,-0.257521868,-0.76984483,-0.954992175,-0.191668734,-1.103631854,-0.601242185,1
169,0,0,-0.217030406,-0.701564133,0.026272137,-0.298497289,-0.377596617,0.275162011,1
170,0,0,7.270624161,-0.319191933,1.661712646,16.90299034,1.55849731,-0.35534668,1
171,0,0,-0.215734735,-0.128005832,-0.30081597,-0.302416176,-0.861620069,0.463733763,1
172,1,0,-0.257521868,-0.76984483,-0.954992175,-0.274580747,-1.103631854,-0.601242185,1
173,1,0,-0.227541521,-0.633283377,-0.30081597,-0.309076816,-0.619608343,0.492897451,1
174,0,0,-0.257521868,-0.76984483,-0.954992175,0.129342556,-0.135584891,-0.601242185,1
175,0,0,0.72110194,-0.346504211,-0.30081597,1.706853867,0.590450346,-0.330150872,1
176,0,0,-0.189957783,-0.114349686,0.680448353,-0.212952867,0.348438591,-0.260392994,1
177,1,0,-0.239029303,-0.291879624,-0.30081597,-0.305725694,-0.619608343,-0.046855047,1
178,1,0,-0.144494981,-0.701564133,-0.627904058,-0.287184149,-0.861620069,1.103381872,1
179,1,0,-0.160594419,-0.660595655,-0.627904058,-0.304552108,-1.103631854,2.133639812,1
180,1,0,-0.232775405,-0.087037385,0.026272137,-0.055886813,-0.377596617,-0.549399734,1
181,0,0,-0.226919279,-0.633283377,-0.30081597,-0.300391495,-0.619608343,0.113170557,1
182,0,0,-0.244612381,-0.605971038,0.353360236,-0.291697532,0.832462072,-0.379748642,1
183,0,0,-0.240710929,1.278577566,-0.30081597,-0.317577422,-0.861620069,0.766198874,1
184,0,0,0.532877386,-0.414784968,1.988800764,0.995008111,1.316485524,-0.264171779,1
185,1,0,0.000351408,-0.046068937,0.680448353,-0.123261876,0.10642685,0.119850785,1
186,0,0,-0.257521868,-0.76984483,-0.954992175,-0.314190358,-0.619608343,-0.601242185,1
187,0,0,0.147632927,-0.469409555,1.988800764,0.36849007,1.55849731,-0.272252798,1
188,0,0,-0.187773377,1.046422958,1.334624529,-0.216994375,1.074473739,-0.236148804,1
189,0,0,-0.257521868,-0.76984483,-0.954992175,-0.262964278,-1.103631854,-0.601242185,1
190,1,0,-0.229035422,0.186085597,0.026272137,-0.314784586,-0.377596617,1.049485087,1
191,0,0,-0.189766124,-0.701564133,-0.627904058,-0.072374523,0.832462072,-0.45001772,1
192,0,0,0.369835138,0.254366338,2.315888882,1.475780725,1.55849731,-0.405150294,1
193,0,0,-0.236951232,-0.756188691,-0.627904058,-0.309350431,-0.377596617,0.163067386,1
194,0,0,-0.233183667,0.80061233,1.007536411,-0.299760818,0.348438591,-0.047536306,1
195,0,0,0.789880335,-0.250911176,2.315888882,1.564408422,1.55849731,-0.289218098,1
196,0,0,-0.147421077,-0.496721864,0.353360236,-0.198924154,0.348438591,-0.107856318,1
197,0,0,-0.103584759,-0.223598883,1.334624529,-0.207762897,-0.377596617,0.140812829,1
198,1,0,-0.248838097,-0.715220273,-0.627904058,-0.31717819,-0.619608343,0.06657774,1
199,1,0,-0.257521868,-0.76984483,-0.954992175,-0.320792675,-1.103631854,-0.601242185,1
200,1,0,-0.257521868,-0.76984483,-0.954992175,-0.296418309,-1.103631854,-0.601242185,1
201,1,0,-0.257521868,-0.76984483,-0.954992175,-0.316653401,-0.861620069,-0.601242185,1
202,0,0,0.229663402,1.046422958,1.007536411,0.219361991,0.832462072,-0.09716922,1
203,0,0,-0.212529033,0.582113922,-0.627904058,-0.175045162,-1.103631854,-0.431834996,1
204,0,0,-0.257521868,-0.76984483,-0.954992175,-0.320645213,-1.103631854,-0.601242185,1
205,0,0,0.23169291,0.336303234,0.680448353,0.217562854,0.832462072,-0.093389064,1
206,1,0,-0.257521868,-0.76984483,-0.954992175,-0.313068628,-1.103631854,-0.601242185,1
207,1,0,-0.257521868,-0.76984483,-0.954992175,-0.311999589,-0.377596617,-0.601242185,1
208,0,0,-0.257521868,-1.056623936,-0.954992175,0.782475948,1.55849731,-0.601242185,1
209,0,0,0.019445207,0.623082399,2.642976999,-0.132243782,1.316485524,0.209427193,1
210,0,0,-0.116142429,-0.141661987,0.680448353,-0.050287101,1.55849731,-0.311114103,1
211,0,0,-0.051038414,0.254366338,1.661712646,-0.211601287,1.55849731,0.427956849,1
212,1,0,-0.255598694,-0.605971038,-0.627904058,-0.258555979,0.832462072,-0.584830344,1
213,1,0,-0.093019828,3.818621397,0.026272137,-0.253811687,-0.861620069,0.708354473,1
214,1,0,-0.257521868,-0.76984483,-0.954992175,-0.296843737,-0.135584891,-0.601242185,1
215,1,0,-0.231001899,0.131461009,-0.30081597,-0.248750016,-0.619608343,-0.404225796,1
216,1,0,-0.239610851,0.541145504,0.026272137,-0.311260313,-0.377596617,0.160264403,1
217,1,0,-0.257521868,-0.879094064,-0.954992175,-0.322325766,-1.103631854,-0.601242185,1
218,1,0,-0.126247898,2.029665709,-0.627904058,-0.324495196,-1.34564352,-0.601242185,1
219,1,0,-0.141392976,0.486520886,-0.30081597,-0.297765315,-0.861620069,1.84346807,1
220,1,0,-0.206814677,0.691363156,-0.627904058,-0.164291948,-0.619608343,-0.423134506,1
221,1,0,-0.257521868,-0.76984483,-0.954992175,0.87909472,1.55849731,-0.601242185,1
222,1,0,-0.257521868,-0.76984483,-0.954992175,4.290007591,1.55849731,-0.601242185,1
223,1,0,-0.257521868,-0.76984483,-0.954992175,-0.162633255,0.590450346,-0.601242185,1
224,1,0,-0.257521868,-0.76984483,-0.954992175,-0.018323481,-0.619608343,-0.601242185,1
225,0,0,-0.255139232,3.231406927,-0.30081597,-0.304805189,-0.619608343,-0.533169329,1
226,0,0,0.333547056,-0.346504211,0.353360236,0.359938979,1.55849731,-0.115293555,1
227,0,0,-0.01402703,-0.428441107,-0.627904058,-0.132634342,1.074473739,0.112905003,1
228,0,0,-0.004270748,0.240710199,2.970065117,-0.003591154,1.55849731,-0.157163501,1
229,0,0,1.594403386,0.240710199,0.353360236,1.157308459,1.55849731,0.102019899,1
230,0,0,-0.140173435,-0.687907934,-0.30081597,-0.099463381,1.074473739,-0.307803273,1
231,0,0,-0.212752193,-0.196286574,-0.627904058,-0.179919928,-0.619608343,-0.426991552,1
232,0,0,-0.23565425,-0.551346481,-0.30081597,-0.309769094,-0.619608343,0.234331295,1
233,0,0,-0.257521868,-0.76984483,-0.954992175,-0.159998432,1.55849731,-0.601242185,1
234,0,0,-0.037635341,1.811167359,1.007536411,0.10116709,-0.377596617,-0.310561121,1
235,0,0,-0.257521868,-0.76984483,-0.954992175,-0.193307966,1.316485524,-0.601242185,1
236,0,0,-0.257521868,-0.76984483,-0.954992175,-0.312857687,0.348438591,-0.601242185,1
237,0,0,-0.24274829,-0.728876412,-0.30081597,-0.282491446,0.590450346,-0.403325826,1
238,0,0,-0.234770775,-0.046068937,0.680448353,-0.280676633,1.074473739,-0.309073627,1
239,0,0,-0.244931385,3.682059765,0.353360236,-0.321419299,-0.377596617,1.702021837,1
240,0,0,-0.127774611,-0.715220273,1.334624529,-0.052587543,1.55849731,-0.332732528,1
241,0,0,-0.201798692,-0.442097276,0.353360236,-0.173872113,-0.135584891,-0.3930659,1
242,0,0,-0.083957985,-0.046068937,0.353360236,0.054481134,1.316485524,-0.343531966,1
243,0,0,-0.119299568,-0.141661987,1.007536411,0.004083464,1.55849731,-0.364527851,1
244,0,0,-0.130905494,1.40148294,1.007536411,-0.233376473,0.10642685,0.180684134,1
245,0,0,-0.192823485,0.090492554,1.988800764,-0.268972933,1.316485524,0.054471787,1
246,0,0,-0.257521868,-0.76984483,-0.954992175,-0.324041426,-1.103631854,-0.601242185,1
247,0,0,-0.217218131,-0.346504211,0.680448353,-0.284603357,-0.135584891,-0.032722816,1
248,0,0,-0.220471099,3.682059765,-0.627904058,-0.316871911,-1.103631854,2.133639812,1
249,0,0,-0.200589657,-0.346504211,1.007536411,-0.124356322,0.590450346,-0.441171825,1
250,0,0,-0.253134698,-0.414784968,-0.627904058,-0.21864523,0.832462072,-0.577919483,1
251,0,0,-0.257521868,-0.76984483,-0.954992175,-0.322615862,-0.861620069,-0.601242185,1
252,0,0,0.135597736,-0.114349686,0.026272137,0.52538842,1.55849731,-0.340957165,1
253,0,1,-0.243213013,0.650394678,0.026272137,-0.170916408,-0.619608343,-0.548814774,1
254,1,0,-0.257521868,-0.76984483,-0.954992175,-0.317759454,-1.103631854,-0.601242185,1
255,1,0,-0.224440828,-0.551346481,-0.627904058,-0.317688704,-1.103631854,2.133639812,1
256,0,0,-0.257521868,-0.76984483,-0.954992175,-0.305491507,0.10642685,-0.601242185,1
257,0,0,-0.252834082,-0.469409555,-0.30081597,-0.289859772,0.348438591,-0.525091946,1
258,0,0,-0.257521868,-0.76984483,-0.954992175,-0.317144156,-0.861620069,-0.601242185,1
259,0,0,-0.257521868,-0.76984483,-0.954992175,-0.203915864,1.316485524,-0.601242185,1
260,0,0,-0.217369094,-0.687907934,1.007536411,1.450615287,0.832462072,-0.58851397,1
261,1,0,-0.242841497,-0.728876412,-0.30081597,-0.313587755,-0.861620069,0.156077027,1
262,0,0,-0.257521868,-0.76984483,-0.954992175,-0.324495196,-1.34564352,-0.601242185,1
263,0,0,-0.254623353,-0.469409555,-0.627904058,-0.318786114,0.10642685,-0.315552562,1
264,0,0,-0.257521868,-0.76984483,-0.954992175,-0.157381982,1.074473739,-0.601242185,1
265,0,0,-0.251841635,-0.742532551,-0.30081597,-0.301125079,0.10642685,-0.464488566,1
266,0,0,-0.13216047,-0.483065724,-0.627904058,-0.281535268,-0.861620069,1.040801287,1
267,0,0,-0.202111125,-0.114349686,0.026272137,-0.300594866,-0.377596617,0.703359485,1
268,0,0,0.62240231,1.852135777,1.988800764,0.120927595,1.074473739,0.510379374,1
269,0,0,-0.179616019,-0.469409555,-0.627904058,-0.300552756,-0.135584891,1.229746342,1
270,0,0,-0.20937714,-0.387472659,0.026272137,-0.289491892,-0.377596617,0.172727257,1
271,0,0,-0.257521868,-0.76984483,-0.954992175,-0.316706061,-0.861620069,-0.601242185,1
272,0,0,-0.159265921,-0.496721864,0.353360236,-0.1104559,0.590450346,-0.342927992,1
273,0,0,-0.257521868,-0.76984483,-0.954992175,-0.324495196,-1.34564352,-0.601242185,1
274,0,0,-0.198503718,-0.141661987,1.334624529,-0.000912843,1.55849731,-0.498609275,1
275,0,0,-0.219511494,0.090492554,1.661712646,-0.275151998,1.074473739,-0.167769104,1
276,0,0,0.357350975,-0.128005832,-0.627904058,-0.197983399,-1.103631854,2.133639812,1
277,0,0,-0.190510452,-0.223598883,0.680448353,-0.201021478,0.590450346,-0.295849383,1
278,0,0,-0.173678502,0.131461009,1.334624529,-0.236967176,1.55849731,-0.062219612,1
279,0,0,-0.242073551,-0.046068937,0.026272137,-0.312164068,0.10642685,0.103734396,1
280,0,0,-0.257521868,-0.76984483,-0.954992175,-0.323326766,-1.103631854,-0.601242185,1
281,0,0,0.104405724,-0.633283377,2.970065117,0.595637083,1.55849731,-0.379904389,1
282,0,0,-0.174829766,0.254366338,2.642976999,-0.1806916,1.55849731,-0.277664334,1
283,0,0,-0.257521868,-0.76984483,-0.954992175,-0.21029076,1.316485524,-0.601242185,1
284,0,0,-0.221177354,0.664050817,1.661712646,-0.302146614,0.10642685,0.31385839,1
285,0,0,-0.192293152,0.950829983,-0.30081597,-0.297653228,-0.861620069,0.766198874,1
286,0,0,1.128023744,0.172429457,1.661712646,-0.159679174,0.590450346,4.12924242,1
287,0,0,1.042590618,-0.742532551,-0.627904058,-0.056993414,-1.103631854,2.133639812,1
288,0,0,-0.20495452,1.346858263,1.334624529,-0.283392489,-0.135584891,0.118419617,1
289,0,0,-0.033607855,-0.401128829,1.661712646,0.091492109,1.316485524,-0.29835096,1
290,0,0,-0.201655611,0.664050817,0.026272137,-0.301991016,-0.619608343,0.795664489,1
291,0,0,-0.200134143,-0.319191933,1.007536411,-0.166900024,1.074473739,-0.396332622,1
292,0,0,-0.257521868,-0.76984483,-0.954992175,-0.303323686,-0.861620069,-0.601242185,1
293,0,0,-0.015065407,-0.605971038,-0.627904058,0.466545254,-0.861620069,-0.428769827,1
294,0,0,-0.23748289,-0.57865876,0.026272137,0.06657134,1.316485524,-0.572408497,1
295,0,0,-0.239436254,-0.401128829,-0.627904058,-0.312113285,-1.103631854,0.220678225,1
296,0,0,1.344907999,0.145117149,1.334624529,1.693548799,1.55849731,-0.15442206,1
297,0,0,-0.257521868,-0.76984483,-0.954992175,-0.308329731,-0.377596617,-0.601242185,1
298,0,0,-0.257521868,-0.76984483,-0.954992175,0.104786694,-0.135584891,-0.601242185,1
299,1,0,-0.257521868,-0.879094064,-0.954992175,-0.053788137,1.316485524,-0.601242185,1
300,1,0,-0.234030396,1.893104315,-0.30081597,-0.323292732,-1.103631854,10.39173126,1
301,1,0,-0.14343822,1.292233706,-0.30081597,-0.250017583,-0.619608343,0.260707587,1
302,1,0,-0.257521868,-0.988343239,-0.954992175,0.665176153,1.55849731,-0.601242185,1
303,1,0,-0.239912778,0.636738539,0.026272137,-0.259633422,0.10642685,-0.448477954,1
304,1,0,-0.257521868,-0.76984483,-0.954992175,-0.319219619,-0.619608343,-0.601242185,1
305,1,0,-0.257521868,-0.76984483,-0.954992175,-0.270272911,0.832462072,-0.601242185,1
306,1,0,-0.022608409,-0.182630435,-0.30081597,-0.19183889,1.074473739,0.395225227,1
307,1,0,-0.257521868,-0.76984483,-0.954992175,-0.177689701,1.074473739,-0.601242185,1
308,1,0,-0.087501071,3.545498371,-0.627904058,-0.324495196,-1.34564352,-0.601242185,1
309,1,0,-0.240981355,-0.510378003,-0.627904058,-0.32109195,-1.103631854,2.133639812,1
310,0,0,-0.233116731,-0.469409555,-0.30081597,-0.240049824,-0.135584891,-0.438616216,1
311,0,1,0.078076102,0.213397905,1.007536411,-0.208954304,-0.135584891,1.033192039,1
312,0,1,-0.222373262,-0.332848072,-0.627904058,-0.324495196,-1.34564352,-0.601242185,1
313,0,1,-0.241863504,2.166227341,-0.627904058,-0.320921779,-1.103631854,1.864492774,1
314,0,1,0.034693994,0.049524106,-0.627904058,-0.264370978,-1.103631854,2.133639812,1
315,0,1,-0.256545186,0.759643853,-0.627904058,1.65079093,-0.377596617,-0.60096395,1
316,0,0,-0.257521868,-0.76984483,-0.954992175,-0.195125729,0.10642685,-0.601242185,1
317,0,0,0.179285705,-0.442097276,-0.627904058,-0.179916143,-0.861620069,1.09883678,1
318,0,0,-0.122001186,1.688261986,0.680448353,-0.24959138,0.10642685,0.416843385,1
319,0,0,-0.076804869,1.852135777,1.661712646,-0.219614878,0.590450346,0.36835146,1
320,0,0,-0.219650641,0.568457782,0.353360236,-0.23078838,0.348438591,-0.373825401,1
321,1,0,-0.238044754,-0.742532551,0.353360236,-0.223371163,0.348438591,-0.492862612,1
322,1,0,-0.257246196,2.534943342,-0.627904058,-0.324495196,-1.34564352,-0.601242185,1
323,0,0,-0.257521868,-0.76984483,-0.954992175,-0.314134181,-1.103631854,-0.601242185,1
324,0,0,-0.257521868,-0.76984483,-0.954992175,0.095060669,0.10642685,-0.601242185,1
325,1,0,-0.22601217,-0.701564133,-0.627904058,-0.315444708,-0.377596617,1.357853413,1
326,0,1,-0.257521868,-0.76984483,-0.954992175,-0.298403561,-1.103631854,-0.601242185,1
327,1,0,-0.257521868,-0.76984483,-0.954992175,-0.250386536,0.348438591,-0.601242185,1
328,0,0,-0.029479289,-0.278223485,1.334624529,-0.126013383,1.55849731,0.045272738,1
329,1,0,0.162814766,-0.469409555,-0.627904058,-0.146972597,-0.861620069,0.731137395,1
330,0,0,1.456849217,-0.346504211,0.353360236,2.278067827,0.832462072,-0.230571568,1
331,0,0,0.623235881,-0.182630435,0.353360236,1.40017581,1.55849731,-0.313876897,1
332,0,0,0.345473319,-0.073381238,1.334624529,0.393549412,1.55849731,-0.128693387,1
333,1,0,-0.257521868,-0.783501029,-0.954992175,0.781615138,1.55849731,-0.601242185,1
334,0,1,-0.218784228,0.158773303,-0.30081597,-0.306137323,-0.619608343,0.586152256,1
335,0,1,-0.077479616,0.377271682,1.007536411,-0.310015142,-0.619608343,6.395365715,1
336,0,1,-0.257521868,-0.76984483,-0.954992175,-0.324495196,-1.34564352,-0.601242185,1
337,0,1,-0.252994239,1.128359914,0.026272137,-0.306639433,-0.861620069,-0.458557338,1
338,0,1,-0.257521868,-0.76984483,-0.954992175,-0.323077172,-1.103631854,-0.601242185,1
339,0,1,-0.209518909,2.166227341,-0.627904058,-0.324495196,-1.34564352,-0.601242185,1
340,0,1,-0.233639196,0.595770061,-0.30081597,-0.31333819,-1.103631854,0.603292346,1
341,0,1,-0.20061329,2.043321848,0.353360236,-0.278912604,-0.377596617,0.101280935,1
342,0,1,-0.246494859,-0.469409555,-0.30081597,-0.308811843,-0.861620069,-0.205599084,1
343,0,1,-0.245447293,2.084290266,-0.627904058,-0.324495196,-1.34564352,-0.601242185,1
344,0,1,-0.257521868,-0.76984483,-0.954992175,-0.319390327,-1.103631854,-0.601242185,1
345,0,1,-0.257521868,-0.76984483,-0.954992175,-0.292842478,-0.861620069,-0.601242185,1
346,0,1,-0.036435496,-0.660595655,0.026272137,-0.15645121,0.10642685,0.139085755,1
347,0,1,0.082591929,0.022211809,0.680448353,-0.13525486,0.590450346,0.410093158,1
348,0,1,-0.257521868,-0.76984483,-0.954992175,-0.324495196,-1.34564352,-0.601242185,1
349,0,1,-0.24751091,2.084290266,-0.627904058,-0.324495196,-1.34564352,-0.601242185,1
350,0,1,-0.257490367,-0.046068937,-0.627904058,-0.324495196,-1.34564352,-0.601242185,1
351,0,1,-0.186249286,-0.592314899,-0.627904058,-0.309830666,-1.103631854,2.133639812,1
352,0,1,-0.097342685,-0.100693531,0.026272137,-0.299022883,-0.619608343,2.937271357,1
353,0,0,-0.257521868,-0.76984483,-0.954992175,-0.297934949,0.832462072,-0.601242185,1
354,0,0,0.40782845,1.00545454,2.642976999,-0.048773464,1.074473739,0.756644547,1
355,0,0,-0.161756188,-0.346504211,0.680448353,-0.271076471,-0.377596617,0.40754205,1
356,0,1,-0.232552245,2.084290266,0.680448353,-0.259812772,-0.377596617,-0.38401708,1
357,0,1,-0.03115697,0.104148708,0.026272137,2.290570498,-0.377596617,-0.552532971,1
358,0,1,-0.24385494,-0.633283377,-0.627904058,-0.202512428,1.316485524,-0.538196266,1
359,0,1,-0.152820379,-0.455753416,-0.627904058,-0.206789732,0.590450346,-0.100700222,1
360,0,0,-0.11593239,-0.196286574,1.007536411,-0.140032113,0.590450346,-0.169320881,1
361,1,0,-0.135640547,2.166227341,-0.627904058,-0.324495196,-1.34564352,-0.601242185,1
362,1,0,-0.250958174,0.145117149,-0.627904058,-0.324495196,-1.34564352,-0.601242185,1
363,1,0,-0.250960797,0.145117149,-0.627904058,-0.324495196,-1.34564352,-0.601242185,1
364,1,0,-0.230655342,0.145117149,-0.627904058,-0.324495196,-1.34564352,-0.601242185,1
365,1,0,-0.25217244,-0.701564133,-0.627904058,-0.312428772,-0.619608343,-0.351776153,1
366,1,0,-0.257521868,-0.76984483,-0.954992175,-0.175459489,0.348438591,-0.601242185,1
367,0,1,0.34916079,1.756542802,-0.627904058,-0.205902457,-1.103631854,2.277401686,1
368,0,1,-0.107462592,2.029665709,-0.627904058,-0.324495196,-1.34564352,-0.601242185,1
369,0,1,-0.234286383,2.712473154,-0.30081597,-0.281225204,-1.103631854,-0.299073517,1
370,0,1,-0.257521868,-0.76984483,-0.954992175,0.657696009,-0.619608343,-0.601242185,1
371,0,1,-0.241690233,0.650394678,-0.627904058,-0.321237803,-1.103631854,2.133639812,1
372,0,1,-0.145853668,-0.278223485,0.353360236,0.058709007,0.10642685,-0.437264889,1
373,0,1,-0.257521868,-0.76984483,-0.954992175,-0.122163385,-1.103631854,-0.601242185,1
374,0,1,-0.257521868,-0.76984483,-0.954992175,-0.240332082,-1.103631854,-0.601242185,1
375,0,1,-0.15709728,1.947728872,0.026272137,-0.293703824,-1.103631854,1.234007478,1
376,0,1,-0.257521868,-0.76984483,-0.954992175,-0.324495196,-1.34564352,-0.601242185,1
377,0,1,0.027342649,-0.073381238,0.353360236,-0.268530518,-0.861620069,2.262991667,1
378,0,1,-0.079026021,0.295334786,0.026272137,0.722876549,-0.135584891,-0.505343676,1
379,0,1,-0.254666656,1.947728872,-0.627904058,-0.19242987,-1.103631854,-0.589076579,1
380,0,1,-0.247260183,0.240710199,0.026272137,2.110360622,-0.135584891,-0.598870754,1
381,0,1,-0.254843891,-0.537690341,-0.627904058,0.193226844,0.590450346,-0.598331451,1
382,0,1,0.00320793,0.213397905,-0.30081597,2.12936902,-0.135584891,-0.541452706,1
383,0,1,-0.247019947,-0.182630435,-0.627904058,1.389137268,-0.861620069,-0.597793639,1
384,0,1,-0.257521868,-0.76984483,-0.954992175,0.389697522,-1.103631854,-0.601242185,1
385,0,1,-0.250433087,-0.182630435,-0.627904058,-0.044104517,-0.861620069,-0.587015808,1
386,0,1,-0.248989061,-0.182630435,-0.30081597,-0.05828476,0.348438591,-0.5832057,1
387,0,1,-0.123294234,1.087391496,-0.30081597,0.597663641,-0.619608343,-0.51933521,1
388,1,0,-0.257521868,-1.152217031,-0.954992175,-0.279685646,-1.103631854,-0.601242185,1
389,0,0,0.580817342,-0.223598883,2.315888882,0.375174791,1.316485524,0.072991587,1
390,0,0,0.366867036,-0.742532551,0.026272137,1.093135953,1.55849731,-0.353399366,1
391,0,0,0.274099648,0.090492554,1.988800764,-0.147954956,1.316485524,1.093265057,1
392,0,0,0.089109682,-0.046068937,1.007536411,-0.031777427,0.832462072,0.06510938,1
393,0,0,-0.161946535,1.21029675,0.026272137,-0.277749836,-0.619608343,0.549265563,1
394,0,0,-0.10384731,0.090492554,1.988800764,-0.072035544,1.316485524,-0.258716226,1
395,0,0,0.911378324,0.117804855,2.642976999,0.013260649,1.55849731,1.346175432,1
396,0,0,-0.257521868,-0.76984483,-0.954992175,-0.279073328,-0.377596617,-0.601242185,1
397,0,0,0.254933655,-0.018756639,2.642976999,0.24019587,1.55849731,-0.090584718,1
398,0,0,-0.08411289,0.527489364,-0.627904058,-0.288815826,-1.103631854,2.133639812,1
399,0,0,-0.239889145,-0.332848072,0.353360236,-0.297450364,0.10642685,-0.234359384,1
400,0,0,-0.144513354,0.022211809,1.334624529,-0.0156973,1.316485524,-0.395311415,1
401,0,0,-0.209258988,-0.674251795,1.988800764,-0.159397185,1.55849731,-0.436747998,1
402,0,0,-0.255403101,0.035867959,-0.30081597,-0.203381062,1.074473739,-0.59139818,1
403,0,0,-0.257521868,-0.76984483,-0.954992175,-0.134559348,-0.377596617,-0.601242185,1
404,0,0,-0.257521868,-0.76984483,-0.954992175,-0.105473638,1.55849731,-0.601242185,1
405,0,0,-0.25186789,-0.728876412,-0.627904058,-0.196891114,1.316485524,-0.576309204,1
406,0,0,-0.109690309,-0.687907934,-0.30081597,-0.263661951,-0.861620069,0.766198874,1
407,0,0,0.043805718,-0.264567316,0.026272137,-0.152499646,-0.377596617,0.384598315,1
408,0,0,-0.257521868,-0.76984483,-0.954992175,1.300431371,-0.377596617,-0.601242185,1
409,0,0,-0.257521868,-0.76984483,-0.954992175,-0.25840205,-0.619608343,-0.601242185,1
410,0,0,-0.180895939,-0.196286574,1.334624529,-0.231853917,0.832462072,-0.135810912,1
411,0,0,0.022636477,-0.633283377,2.642976999,0.014684615,1.55849731,-0.136451423,1
412,0,0,0.117143236,0.090492554,0.680448353,-0.103156455,0.590450346,0.351267755,1
413,0,0,-0.205995515,2.671504736,1.007536411,-0.29760918,0.348438591,0.47716257,1
414,0,0,-0.250627369,0.377271682,-0.627904058,-0.212482348,-1.103631854,-0.56660682,1
415,0,0,-0.254899025,-0.551346481,-0.627904058,-0.243895248,-0.135584891,-0.582930684,1
416,0,0,-0.128625274,-0.264567316,0.680448353,0.056570355,1.55849731,-0.410904258,1
417,0,0,-0.257521868,-0.76984483,-0.954992175,-0.301806808,-1.103631854,-0.601242185,1
418,0,0,-0.257521868,-0.76984483,-0.954992175,-0.293353766,-0.377596617,-0.601242185,1
419,0,0,-0.130138859,-0.510378003,-0.30081597,-0.263295978,-0.861620069,0.570008814,1
420,0,0,-0.257521868,-0.810813308,-0.954992175,0.493710279,1.55849731,-0.601242185,1
421,0,0,0.018241426,-0.182630435,-0.30081597,-0.128100455,1.074473739,0.188874006,1
422,0,0,0.104076222,-0.223598883,1.007536411,0.624971807,1.316485524,-0.386938363,1
423,0,0,-0.171509847,0.81426847,0.353360236,-0.292663395,-0.619608343,0.919248581,1
424,0,0,-0.226320669,-0.223598883,-0.627904058,-0.266747326,0.590450346,-0.297209978,1
425,0,0,-0.244588763,0.377271682,-0.30081597,-0.318383396,-0.861620069,0.589497566,1
426,0,0,-0.133633375,-0.633283377,-0.627904058,-0.292453527,-0.861620069,1.574463129,1
427,0,0,-0.232512861,-0.742532551,0.353360236,0.253860235,1.316485524,-0.576910317,1
428,0,0,-0.213528022,0.172429457,1.334624529,-0.271641254,0.590450346,-0.132867634,1
429,0,0,-0.218810484,0.172429457,0.680448353,-0.255641609,-0.135584891,-0.284866899,1
430,0,0,0.046885405,0.295334786,1.007536411,-0.045540906,1.074473739,0.012811875,1
431,0,0,-0.064785421,-0.332848072,1.007536411,0.01137292,1.55849731,-0.278333277,1
432,0,0,3.032860279,-0.250911176,1.988800764,4.218598843,1.55849731,-0.193693876,1
433,0,0,0.583873391,-0.346504211,0.353360236,0.209826916,1.316485524,0.284855247,1
434,0,0,-0.152870253,-0.155318126,0.026272137,-0.221396461,0.10642685,-0.030059315,1
435,0,0,-0.256253749,-0.278223485,-0.627904058,-0.042625178,0.10642685,-0.598710597,1
436,0,0,-0.227381364,-0.305535764,0.353360236,-0.306529254,-0.377596617,0.342784703,1
437,0,0,-0.168808237,-0.073381238,-0.627904058,-0.285337746,-1.103631854,0.673611343,1
438,0,0,0.301923156,0.868893087,1.334624529,0.162175894,0.832462072,0.04561159,1
439,0,0,-0.120869599,1.101047635,1.661712646,-0.275068283,0.590450346,0.954503655,1
440,0,0,-0.243022665,0.104148708,0.680448353,-0.310036212,0.348438591,-0.036987592,1
441,0,0,-0.252066135,0.022211809,-0.30081597,0.018655624,1.316485524,-0.592295647,1
442,0,0,-0.257521868,-0.76984483,-0.954992175,-0.264128953,0.590450346,-0.601242185,1
443,0,0,0.552124798,0.06318026,2.970065117,0.55986315,1.55849731,-0.086071342,1
444,0,0,-0.167945758,-0.674251795,2.642976999,-0.258145183,1.55849731,0.158442974,1
445,0,0,-0.251157701,-0.346504211,0.026272137,-0.196469218,1.316485524,-0.573271811,1
446,0,0,-0.211079761,-0.646939516,1.007536411,-0.260212779,0.10642685,-0.194697574,1
447,0,0,-0.166420355,2.166227341,-0.627904058,-0.324495196,-1.34564352,-0.601242185,1
448,0,0,0.088294469,-0.16897428,1.007536411,2.402222395,1.55849731,-0.529876471,1
449,0,0,-0.222539976,0.090492554,1.007536411,-0.297386914,-0.135584891,0.124892533,1
450,0,0,-0.219801605,-0.455753416,0.353360236,-0.246895507,1.074473739,-0.327718139,1
451,0,0,0.015314016,-0.182630435,1.988800764,-0.101847276,1.074473739,0.088309117,1
452,0,0,0.110515215,-0.196286574,1.661712646,0.022732511,1.316485524,-0.004809517,1
453,0,0,-0.231022909,-0.660595655,0.680448353,-0.294101685,0.590450346,-0.110636868,1
454,0,0,0.106922247,1.838479638,0.026272137,-0.207593009,-0.861620069,1.153010488,1
455,0,0,-0.216834813,-0.715220273,0.353360236,-0.272832394,-0.135584891,-0.158076689,1
456,0,0,-0.119169608,0.199741751,0.353360236,-0.268894345,0.10642685,0.79894799,1
457,0,0,-0.102759048,1.060079217,1.661712646,0.038131986,1.316485524,-0.36108771,1
458,0,0,0.063151561,-0.537690341,1.988800764,-0.038205266,1.55849731,0.029048322,1
459,0,0,0.240280852,0.445552438,1.988800764,0.031393535,0.590450346,0.185852781,1
460,0,0,-0.19050388,-0.046068937,-0.627904058,3.393970966,1.316485524,-0.591100454,1
461,0,0,-0.257521868,-0.76984483,-0.954992175,0.523853719,-1.103631854,-0.601242185,1
462,1,0,-0.257521868,-0.76984483,-0.954992175,-0.313860029,-1.103631854,-0.601242185,1
463,1,0,-0.257521868,-0.76984483,-0.954992175,-0.320281655,-1.103631854,-0.601242185,1
464,0,0,-0.201952279,-0.264567316,0.353360236,-0.262855977,0.590450346,-0.093939871,1
465,1,0,1.309358954,-0.455753416,-0.30081597,0.257533848,-0.619608343,0.913628936,1
466,0,0,-0.257521868,-0.76984483,-0.954992175,-0.270288318,0.590450346,-0.601242185,1
467,0,0,-0.208286256,-0.073381238,-0.627904058,-0.314364851,-1.103631854,2.133639812,1
468,0,0,-0.257521868,-0.76984483,-0.954992175,-0.296434253,-0.135584891,-0.601242185,1
469,0,0,0.509568393,1.21029675,1.988800764,0.887814105,1.316485524,-0.245186776,1
470,0,0,0.122308865,0.786956191,0.680448353,-0.092307895,0.10642685,0.319283038,1
471,0,0,-0.196084335,1.237609148,0.026272137,-0.306125998,-0.861620069,1.280777812,1
472,0,0,-0.056843348,-0.537690341,-0.627904058,0.125652447,1.074473739,-0.350382835,1
473,0,0,-0.257521868,-0.76984483,-0.954992175,-0.273415804,-1.103631854,-0.601242185,1
474,0,0,-0.203967333,0.172429457,1.661712646,-0.066993318,0.832462072,-0.48421064,1
475,0,0,3.638345718,-0.196286574,0.680448353,0.308090061,0.348438591,2.864288092,2
476,0,0,-0.121402577,-0.332848072,1.661712646,-0.262322277,-0.135584891,0.630739331,2
477,0,0,-0.230543748,-0.360160381,0.353360236,-0.164019406,0.590450346,-0.506643176,3
478,0,0,1.300856352,0.786956191,1.661712646,0.417894304,1.55849731,0.579963207,3
479,1,0,0.158531293,2.166227341,-0.627904058,-0.324495196,-1.34564352,-0.601242185,4
480,1,0,0.329259664,2.166227341,-0.627904058,-0.324495196,-1.34564352,-0.601242185,4
481,1,0,-0.155783221,2.166227341,-0.627904058,-0.324495196,-1.34564352,-0.601242185,4
482,1,0,-0.161586851,2.166227341,-0.627904058,-0.324495196,-1.34564352,-0.601242185,4
483,1,0,-0.174093321,2.166227341,-0.627904058,-0.324495196,-1.34564352,-0.601242185,4
484,1,0,0.427649498,2.166227341,-0.627904058,-0.324495196,-1.34564352,-0.601242185,4
485,1,0,0.067213178,2.166227341,-0.627904058,-0.324495196,-1.34564352,-0.601242185,4
486,1,0,0.4614079,3.682059765,-0.627904058,-0.324495196,-1.34564352,-0.601242185,4
487,1,0,0.082547292,3.682059765,-0.627904058,-0.324495196,-1.34564352,-0.601242185,4
488,1,0,-0.208858609,0.172429457,-0.30081597,-0.304470003,-0.861620069,0.766198874,4
489,1,0,0.545571566,2.166227341,-0.627904058,-0.324495196,-1.34564352,-0.601242185,4
490,1,0,1.328289986,2.029665709,-0.627904058,-0.324495196,-1.34564352,-0.601242185,4
491,1,0,-0.163930088,1.906760454,-0.30081597,-0.269978523,-0.861620069,0.364792287,4
492,0,0,-0.257521868,-0.76984483,-0.954992175,-0.324495196,-1.34564352,-0.601242185,4
493,1,0,0.397742659,2.166227341,-0.627904058,-0.324495196,-1.34564352,-0.601242185,4
494,1,0,-0.015401469,2.166227341,-0.627904058,-0.324495196,-1.34564352,-0.601242185,4
495,1,0,0.013237261,2.166227341,-0.627904058,-0.324495196,-1.34564352,-0.601242185,4
496,1,0,-0.116049223,3.613779068,-0.627904058,-0.324495196,-1.34564352,-0.601242185,4
497,1,0,2.103755474,3.682059765,-0.627904058,-0.324495196,-1.34564352,-0.601242185,4
498,0,0,-0.194305569,-0.114349686,0.353360236,-0.246577069,0.832462072,-0.144703925,4
